{"cameraMode":{"drawMode":0,"name":"Shaded","section":"Shading Mode"},"sceneLighting":true,"audioPlay":false,"sceneViewState":{"showFog":true,"showMaterialUpdate":true,"showSkybox":true,"showFlares":true,"showImageEffects":true,"showParticleSystems":true},"in2DMode":false,"pivot":{"x":-311.8911437988281,"y":42.076515197753909,"z":63.84280014038086},"rotation":{"x":-0.3452669084072113,"y":-0.290523886680603,"z":0.11482014507055283,"w":-0.8852522969245911},"size":51.189476013183597,"orthographic":false}