{"cameraMode":{"drawMode":0,"name":"Shaded","section":"Shading Mode"},"sceneLighting":true,"audioPlay":false,"sceneViewState":{"showFog":true,"showMaterialUpdate":true,"showSkybox":true,"showFlares":true,"showImageEffects":true,"showParticleSystems":true},"in2DMode":false,"pivot":{"x":380.39593505859377,"y":73.99813079833985,"z":-112.53583526611328},"rotation":{"x":0.0007523352396674454,"y":-0.9994382262229919,"z":-0.03720128536224365,"w":0.014374814927577973},"size":76.38689422607422,"orthographic":false}