{"cameraMode":{"drawMode":0,"name":"Shaded","section":"Shading Mode"},"sceneLighting":true,"audioPlay":false,"sceneViewState":{"showFog":true,"showMaterialUpdate":true,"showSkybox":true,"showFlares":true,"showImageEffects":true,"showParticleSystems":true},"in2DMode":false,"pivot":{"x":-298.8603820800781,"y":36.18307113647461,"z":16.817228317260743},"rotation":{"x":0.19501136243343354,"y":-0.05005301907658577,"z":0.009802274405956269,"w":0.9795911312103272},"size":125.18257904052735,"orthographic":false}