{"cameraMode":{"drawMode":0,"name":"Shaded","section":"Shading Mode"},"sceneLighting":true,"audioPlay":false,"sceneViewState":{"showFog":true,"showMaterialUpdate":true,"showSkybox":true,"showFlares":true,"showImageEffects":true,"showParticleSystems":true},"in2DMode":false,"pivot":{"x":-303.4826354980469,"y":-26.204315185546876,"z":-43.854278564453128},"rotation":{"x":0.227786123752594,"y":-0.49455150961875918,"z":0.13602642714977265,"w":0.8277909755706787},"size":83.86251068115235,"orthographic":false}