{"cameraMode":{"drawMode":0,"name":"Shaded","section":"Shading Mode"},"sceneLighting":true,"audioPlay":false,"sceneViewState":{"showFog":true,"showMaterialUpdate":true,"showSkybox":true,"showFlares":true,"showImageEffects":true,"showParticleSystems":true},"in2DMode":false,"pivot":{"x":-93.96045684814453,"y":46.956050872802737,"z":-221.80816650390626},"rotation":{"x":-0.38557320833206179,"y":0.257537305355072,"z":-0.11145764589309693,"w":-0.8794665932655335},"size":62.917808532714847,"orthographic":false}