{"cameraMode":{"drawMode":0,"name":"Shaded","section":"Shading Mode"},"sceneLighting":true,"audioPlay":false,"sceneViewState":{"showFog":true,"showMaterialUpdate":true,"showSkybox":true,"showFlares":true,"showImageEffects":true,"showParticleSystems":true},"in2DMode":false,"pivot":{"x":0.11045455932617188,"y":175.69943237304688,"z":-56.35650634765625},"rotation":{"x":-0.28426843881607058,"y":0.06378678977489472,"z":-0.018953153863549234,"w":-0.9564420580863953},"size":486.275390625,"orthographic":false}