{"cameraMode":{"drawMode":0,"name":"Shaded","section":"Shading Mode"},"sceneLighting":true,"audioPlay":false,"sceneViewState":{"showFog":true,"showMaterialUpdate":true,"showSkybox":true,"showFlares":true,"showImageEffects":true,"showParticleSystems":true},"in2DMode":false,"pivot":{"x":-3.3102951049804689,"y":11.1707763671875,"z":143.509033203125},"rotation":{"x":-0.4783896505832672,"y":0.04525475203990936,"z":-0.0247662216424942,"w":-0.8767405152320862},"size":395.349365234375,"orthographic":false}