{"cameraMode":{"drawMode":0,"name":"Shaded","section":"Shading Mode"},"sceneLighting":true,"audioPlay":false,"sceneViewState":{"showFog":true,"showMaterialUpdate":true,"showSkybox":true,"showFlares":true,"showImageEffects":true,"showParticleSystems":true},"in2DMode":false,"pivot":{"x":386.1962585449219,"y":18.7927188873291,"z":2.3171982765197756},"rotation":{"x":0.02142692171037197,"y":0.9761298298835754,"z":-0.18255603313446046,"w":0.11789720505475998},"size":101.57323455810547,"orthographic":false}