{"cameraMode":{"drawMode":0,"name":"Shaded","section":"Shading Mode"},"sceneLighting":true,"audioPlay":false,"sceneViewState":{"showFog":true,"showMaterialUpdate":true,"showSkybox":true,"showFlares":true,"showImageEffects":true,"showParticleSystems":true},"in2DMode":false,"pivot":{"x":111.5,"y":34.900001525878909,"z":-176.39999389648438},"rotation":{"x":-0.08730614930391312,"y":0.7298338413238525,"z":-0.0948999747633934,"w":-0.6713695526123047},"size":70.94877624511719,"orthographic":false}