{"cameraMode":{"drawMode":0,"name":"Shaded","section":"Shading Mode"},"sceneLighting":true,"audioPlay":false,"sceneViewState":{"showFog":true,"showMaterialUpdate":true,"showSkybox":true,"showFlares":true,"showImageEffects":true,"showParticleSystems":true},"in2DMode":false,"pivot":{"x":-376.6064758300781,"y":39.60034942626953,"z":148.33267211914063},"rotation":{"x":-0.3680502772331238,"y":0.30695825815200808,"z":-0.12973357737064362,"w":-0.8682608604431152},"size":41.84983444213867,"orthographic":false}