{"cameraMode":{"drawMode":0,"name":"Shaded","section":"Shading Mode"},"sceneLighting":true,"audioPlay":false,"sceneViewState":{"showFog":true,"showMaterialUpdate":true,"showSkybox":true,"showFlares":true,"showImageEffects":true,"showParticleSystems":true},"in2DMode":false,"pivot":{"x":-209.15609741210938,"y":40.86161422729492,"z":-91.10741424560547},"rotation":{"x":0.1508387327194214,"y":-0.4262528419494629,"z":0.0721953809261322,"w":0.8891323804855347},"size":8.7057466506958,"orthographic":false}