{"cameraMode":{"drawMode":0,"name":"Shaded","section":"Shading Mode"},"sceneLighting":true,"audioPlay":false,"sceneViewState":{"showFog":true,"showMaterialUpdate":true,"showSkybox":true,"showFlares":true,"showImageEffects":true,"showParticleSystems":true},"in2DMode":false,"pivot":{"x":-14.626747131347657,"y":341.1221618652344,"z":396.92279052734377},"rotation":{"x":0.019533373415470125,"y":-0.961938202381134,"z":0.26311904191970827,"w":0.07140349596738816},"size":8.977876663208008,"orthographic":false}