{"cameraMode":{"drawMode":0,"name":"Shaded","section":"Shading Mode"},"sceneLighting":true,"audioPlay":false,"sceneViewState":{"showFog":true,"showMaterialUpdate":true,"showSkybox":true,"showFlares":true,"showImageEffects":true,"showParticleSystems":true},"in2DMode":false,"pivot":{"x":-131.82119750976563,"y":326.02447509765627,"z":135.29026794433595},"rotation":{"x":-0.03485829010605812,"y":-0.9293627142906189,"z":0.35619282722473147,"w":-0.09093307703733444},"size":12.688286781311036,"orthographic":false}