{"cameraMode":{"drawMode":0,"name":"Shaded","section":"Shading Mode"},"sceneLighting":true,"audioPlay":false,"sceneViewState":{"showFog":true,"showMaterialUpdate":true,"showSkybox":true,"showFlares":true,"showImageEffects":true,"showParticleSystems":true},"in2DMode":false,"pivot":{"x":578.0535888671875,"y":-1134.0987548828125,"z":537.4215698242188},"rotation":{"x":0.34352362155914309,"y":0.37139129638671877,"z":-0.15019607543945313,"w":0.8494253158569336},"size":1248.1331787109375,"orthographic":false}