{"cameraMode":{"drawMode":0,"name":"Shaded","section":"Shading Mode"},"sceneLighting":true,"audioPlay":false,"sceneViewState":{"showFog":true,"showMaterialUpdate":true,"showSkybox":true,"showFlares":true,"showImageEffects":true,"showParticleSystems":true},"in2DMode":false,"pivot":{"x":224.1922607421875,"y":40.64916229248047,"z":4.53465461730957},"rotation":{"x":-0.24864816665649415,"y":0.7321981191635132,"z":-0.340285062789917,"w":-0.5352241396903992},"size":217.03741455078126,"orthographic":false}