{"cameraMode":{"drawMode":0,"name":"Shaded","section":"Shading Mode"},"sceneLighting":true,"audioPlay":false,"sceneViewState":{"showFog":true,"showMaterialUpdate":true,"showSkybox":true,"showFlares":true,"showImageEffects":true,"showParticleSystems":true},"in2DMode":false,"pivot":{"x":-276.7149658203125,"y":2.8427376747131349,"z":44.367088317871097},"rotation":{"x":0.15544097125530244,"y":0.8386756181716919,"z":-0.3212920129299164,"w":0.41235512495040896},"size":111.55404663085938,"orthographic":false}