{"cameraMode":{"drawMode":0,"name":"Shaded","section":"Shading Mode"},"sceneLighting":true,"audioPlay":false,"sceneViewState":{"showFog":true,"showMaterialUpdate":true,"showSkybox":true,"showFlares":true,"showImageEffects":true,"showParticleSystems":true},"in2DMode":false,"pivot":{"x":-55.88737106323242,"y":67.08795928955078,"z":337.75457763671877},"rotation":{"x":0.057098209857940677,"y":0.7774419784545898,"z":-0.07133522629737854,"w":0.6222842931747437},"size":2.5233190059661867,"orthographic":false}