{"cameraMode":{"drawMode":0,"name":"Shaded","section":"Shading Mode"},"sceneLighting":true,"audioPlay":false,"sceneViewState":{"showFog":true,"showMaterialUpdate":true,"showSkybox":true,"showFlares":true,"showImageEffects":true,"showParticleSystems":true},"in2DMode":false,"pivot":{"x":-2.3733041286468508,"y":-61.71380615234375,"z":-39.54216766357422},"rotation":{"x":0.0741535872220993,"y":-0.7851048707962036,"z":0.6074354648590088,"w":0.09582856297492981},"size":41.35308837890625,"orthographic":false}