{"cameraMode":{"drawMode":0,"name":"Shaded","section":"Shading Mode"},"sceneLighting":true,"audioPlay":false,"sceneViewState":{"showFog":true,"showMaterialUpdate":true,"showSkybox":true,"showFlares":true,"showImageEffects":true,"showParticleSystems":true},"in2DMode":false,"pivot":{"x":229.1334228515625,"y":-495.1642150878906,"z":469.3448181152344},"rotation":{"x":-0.30215853452682497,"y":-0.24457485973834992,"z":0.08045492321252823,"w":-0.917894184589386},"size":588.2713623046875,"orthographic":false}