{"cameraMode":{"drawMode":0,"name":"Shaded","section":"Shading Mode"},"sceneLighting":true,"audioPlay":false,"sceneViewState":{"showFog":true,"showMaterialUpdate":true,"showSkybox":true,"showFlares":true,"showImageEffects":true,"showParticleSystems":true},"in2DMode":false,"pivot":{"x":-83.52845001220703,"y":-61.78302001953125,"z":110.36306762695313},"rotation":{"x":0.08036372810602188,"y":-0.8731035590171814,"z":0.45554491877555849,"w":0.15402178466320039},"size":282.93310546875,"orthographic":false}