{"cameraMode":{"drawMode":0,"name":"Shaded","section":"Shading Mode"},"sceneLighting":true,"audioPlay":false,"sceneViewState":{"showFog":true,"showMaterialUpdate":true,"showSkybox":true,"showFlares":true,"showImageEffects":true,"showParticleSystems":true},"in2DMode":false,"pivot":{"x":-2.384185791015625e-7,"y":25.989999771118165,"z":-149.2100067138672},"rotation":{"x":-0.2310149371623993,"y":0.0472569465637207,"z":-0.011230239644646645,"w":-0.9717461466789246},"size":220.59339904785157,"orthographic":false}