{"cameraMode":{"drawMode":0,"name":"Shaded","section":"Shading Mode"},"sceneLighting":true,"audioPlay":false,"sceneViewState":{"showFog":true,"showMaterialUpdate":true,"showSkybox":true,"showFlares":true,"showImageEffects":true,"showParticleSystems":true},"in2DMode":false,"pivot":{"x":-103.65247344970703,"y":31.38454818725586,"z":368.21917724609377},"rotation":{"x":-0.022488001734018327,"y":0.6106171607971191,"z":-0.01750749535858631,"w":-0.7915924191474915},"size":25.03323745727539,"orthographic":false}