{"cameraMode":{"drawMode":0,"name":"Shaded","section":"Shading Mode"},"sceneLighting":true,"audioPlay":false,"sceneViewState":{"showFog":true,"showMaterialUpdate":true,"showSkybox":true,"showFlares":true,"showImageEffects":true,"showParticleSystems":true},"in2DMode":false,"pivot":{"x":-314.4093933105469,"y":14.262253761291504,"z":-325.5076599121094},"rotation":{"x":0.34923672676086428,"y":0.03400004655122757,"z":-0.01268273126333952,"w":0.9363389015197754},"size":3.563286304473877,"orthographic":false}