{"cameraMode":{"drawMode":0,"name":"Shaded","section":"Shading Mode"},"sceneLighting":true,"audioPlay":false,"sceneViewState":{"showFog":true,"showMaterialUpdate":true,"showSkybox":true,"showFlares":true,"showImageEffects":true,"showParticleSystems":true},"in2DMode":false,"pivot":{"x":1506.10791015625,"y":1533.67041015625,"z":1111.3193359375},"rotation":{"x":0.03298870474100113,"y":-0.02037333883345127,"z":-0.0007042530342005193,"w":-0.9993064999580383},"size":1600.9927978515625,"orthographic":false}