{"cameraMode":{"drawMode":0,"name":"Shaded","section":"Shading Mode"},"sceneLighting":true,"audioPlay":false,"sceneViewState":{"showFog":true,"showMaterialUpdate":true,"showSkybox":true,"showFlares":true,"showImageEffects":true,"showParticleSystems":true},"in2DMode":false,"pivot":{"x":180.1848602294922,"y":285.980224609375,"z":40.86058044433594},"rotation":{"x":0.0678926482796669,"y":-0.9342427849769592,"z":0.2583903670310974,"w":0.23832912743091584},"size":100.58272552490235,"orthographic":false}