{"cameraMode":{"drawMode":0,"name":"Shaded","section":"Shading Mode"},"sceneLighting":true,"audioPlay":false,"sceneViewState":{"showFog":true,"showMaterialUpdate":true,"showSkybox":true,"showFlares":true,"showImageEffects":true,"showParticleSystems":true},"in2DMode":false,"pivot":{"x":-298.6614990234375,"y":43.840904235839847,"z":16.70684814453125},"rotation":{"x":-0.3664325177669525,"y":0.4266836941242218,"z":-0.19455574452877046,"w":-0.8036280870437622},"size":19.031391143798829,"orthographic":false}