{"cameraMode":{"drawMode":0,"name":"Shaded","section":"Shading Mode"},"sceneLighting":true,"audioPlay":false,"sceneViewState":{"showFog":true,"showMaterialUpdate":true,"showSkybox":true,"showFlares":true,"showImageEffects":true,"showParticleSystems":true},"in2DMode":false,"pivot":{"x":307.6405334472656,"y":82.0745849609375,"z":-202.58404541015626},"rotation":{"x":0.27332043647766116,"y":-0.5200701355934143,"z":0.17992371320724488,"w":0.7891448140144348},"size":271.4126281738281,"orthographic":false}