{"cameraMode":{"drawMode":0,"name":"Shaded","section":"Shading Mode"},"sceneLighting":true,"audioPlay":false,"sceneViewState":{"showFog":true,"showMaterialUpdate":true,"showSkybox":true,"showFlares":true,"showImageEffects":true,"showParticleSystems":true},"in2DMode":false,"pivot":{"x":-90.46105194091797,"y":35.26774597167969,"z":-245.64321899414063},"rotation":{"x":-0.17220047116279603,"y":0.3468024432659149,"z":-0.06427189707756043,"w":-0.9199764728546143},"size":10.83089542388916,"orthographic":false}